{
  "getHost-0" : {
    "transaction" : "getHost-0",
    "sampleCount" : 1103,
    "errorCount" : 0,
    "errorPct" : 0.0,
    "meanResTime" : 181.7733454215777,
    "medianResTime" : 138.0,
    "minResTime" : 72.0,
    "maxResTime" : 859.0,
    "pct1ResTime" : 331.0,
    "pct2ResTime" : 421.1999999999996,
    "pct3ResTime" : 638.4800000000014,
    "throughput" : 4.653831711032071,
    "receivedKBytesPerSec" : 2.9304497666755274,
    "sentKBytesPerSec" : 1.0894397733841332
  },
  "postLogin-0" : {
    "transaction" : "postLogin-0",
    "sampleCount" : 998,
    "errorCount" : 0,
    "errorPct" : 0.0,
    "meanResTime" : 204.02404809619233,
    "medianResTime" : 154.0,
    "minResTime" : 81.0,
    "maxResTime" : 1057.0,
    "pct1ResTime" : 366.0,
    "pct2ResTime" : 494.14999999999986,
    "pct3ResTime" : 731.0999999999999,
    "throughput" : 4.643609918155212,
    "receivedKBytesPerSec" : 25.697176719775822,
    "sentKBytesPerSec" : 1.8337758934761468
  },
  "postLogin-1" : {
    "transaction" : "postLogin-1",
    "sampleCount" : 998,
    "errorCount" : 0,
    "errorPct" : 0.0,
    "meanResTime" : 406.61022044088105,
    "medianResTime" : 337.0,
    "minResTime" : 124.0,
    "maxResTime" : 2554.0,
    "pct1ResTime" : 730.2,
    "pct2ResTime" : 897.0,
    "pct3ResTime" : 1270.03,
    "throughput" : 4.642486660991483,
    "receivedKBytesPerSec" : 89.79895380510627,
    "sentKBytesPerSec" : 1.2099197391741212
  },
  "postPassword-1" : {
    "transaction" : "postPassword-1",
    "sampleCount" : 1075,
    "errorCount" : 0,
    "errorPct" : 0.0,
    "meanResTime" : 181.9367441860467,
    "medianResTime" : 142.0,
    "minResTime" : 73.0,
    "maxResTime" : 1018.0,
    "pct1ResTime" : 318.0,
    "pct2ResTime" : 423.5999999999998,
    "pct3ResTime" : 637.44,
    "throughput" : 4.939258605796622,
    "receivedKBytesPerSec" : 3.0773896391584423,
    "sentKBytesPerSec" : 1.4270320382712136
  },
  "getTagsPage" : {
    "transaction" : "getTagsPage",
    "sampleCount" : 491,
    "errorCount" : 0,
    "errorPct" : 0.0,
    "meanResTime" : 218.4317718940938,
    "medianResTime" : 161.0,
    "minResTime" : 81.0,
    "maxResTime" : 1300.0,
    "pct1ResTime" : 369.40000000000003,
    "pct2ResTime" : 512.5999999999999,
    "pct3ResTime" : 895.1599999999992,
    "throughput" : 2.255418056206304,
    "receivedKBytesPerSec" : 38.85292516037125,
    "sentKBytesPerSec" : 0.5971754735918566
  },
  "getHost-1" : {
    "transaction" : "getHost-1",
    "sampleCount" : 1103,
    "errorCount" : 0,
    "errorPct" : 0.0,
    "meanResTime" : 369.079782411605,
    "medianResTime" : 309.0,
    "minResTime" : 77.0,
    "maxResTime" : 1647.0,
    "pct1ResTime" : 660.6,
    "pct2ResTime" : 834.5999999999995,
    "pct3ResTime" : 1197.6000000000004,
    "throughput" : 4.654244096747514,
    "receivedKBytesPerSec" : 84.70457892382737,
    "sentKBytesPerSec" : 1.1785769479889276
  },
  "postPassword-0" : {
    "transaction" : "postPassword-0",
    "sampleCount" : 1075,
    "errorCount" : 0,
    "errorPct" : 0.0,
    "meanResTime" : 210.9879069767441,
    "medianResTime" : 157.0,
    "minResTime" : 76.0,
    "maxResTime" : 1072.0,
    "pct1ResTime" : 395.19999999999993,
    "pct2ResTime" : 512.5999999999991,
    "pct3ResTime" : 782.5600000000002,
    "throughput" : 4.939099751436934,
    "receivedKBytesPerSec" : 4.080774130661013,
    "sentKBytesPerSec" : 2.000950094704366
  },
  "getManagePage" : {
    "transaction" : "getManagePage",
    "sampleCount" : 502,
    "errorCount" : 0,
    "errorPct" : 0.0,
    "meanResTime" : 222.1533864541832,
    "medianResTime" : 177.0,
    "minResTime" : 87.0,
    "maxResTime" : 1240.0,
    "pct1ResTime" : 413.19999999999993,
    "pct2ResTime" : 494.84999999999997,
    "pct3ResTime" : 777.3999999999994,
    "throughput" : 2.332204397738412,
    "receivedKBytesPerSec" : 26.18895385301537,
    "sentKBytesPerSec" : 0.6267690432386979
  },
  "getTagInfo" : {
    "transaction" : "getTagInfo",
    "sampleCount" : 195,
    "errorCount" : 0,
    "errorPct" : 0.0,
    "meanResTime" : 235.47692307692304,
    "medianResTime" : 182.0,
    "minResTime" : 99.0,
    "maxResTime" : 1427.0,
    "pct1ResTime" : 408.20000000000005,
    "pct2ResTime" : 547.1999999999999,
    "pct3ResTime" : 1060.279999999997,
    "throughput" : 0.9750585035102106,
    "receivedKBytesPerSec" : 10.694850675415525,
    "sentKBytesPerSec" : 0.26461548630417825
  },
  "postCreateTag" : {
    "transaction" : "postCreateTag",
    "sampleCount" : 284,
    "errorCount" : 1,
    "errorPct" : 0.35211268,
    "meanResTime" : 406.1091549295775,
    "medianResTime" : 339.0,
    "minResTime" : 28.0,
    "maxResTime" : 1329.0,
    "pct1ResTime" : 708.0,
    "pct2ResTime" : 804.75,
    "pct3ResTime" : 1189.7499999999995,
    "throughput" : 1.4741606627494135,
    "receivedKBytesPerSec" : 26.237338731235596,
    "sentKBytesPerSec" : 1.155586116741586
  },
  "getTagViewPage" : {
    "transaction" : "getTagViewPage",
    "sampleCount" : 185,
    "errorCount" : 0,
    "errorPct" : 0.0,
    "meanResTime" : 248.15135135135117,
    "medianResTime" : 184.0,
    "minResTime" : 94.0,
    "maxResTime" : 1263.0,
    "pct1ResTime" : 474.4000000000001,
    "pct2ResTime" : 649.8999999999996,
    "pct3ResTime" : 925.0199999999946,
    "throughput" : 0.9152752009894867,
    "receivedKBytesPerSec" : 9.993506493506494,
    "sentKBytesPerSec" : 0.2486375231910946
  },
  "postUpdateTag-1" : {
    "transaction" : "postUpdateTag-1",
    "sampleCount" : 188,
    "errorCount" : 0,
    "errorPct" : 0.0,
    "meanResTime" : 221.72340425531925,
    "medianResTime" : 174.5,
    "minResTime" : 89.0,
    "maxResTime" : 782.0,
    "pct1ResTime" : 374.2,
    "pct2ResTime" : 518.2999999999993,
    "pct3ResTime" : 745.5099999999994,
    "throughput" : 0.9183274716686205,
    "receivedKBytesPerSec" : 10.026470987812623,
    "sentKBytesPerSec" : 0.24934972157092614
  },
  "postUpdateTag-0" : {
    "transaction" : "postUpdateTag-0",
    "sampleCount" : 188,
    "errorCount" : 0,
    "errorPct" : 0.0,
    "meanResTime" : 207.845744680851,
    "medianResTime" : 153.5,
    "minResTime" : 77.0,
    "maxResTime" : 1178.0,
    "pct1ResTime" : 388.3999999999999,
    "pct2ResTime" : 516.3999999999999,
    "pct3ResTime" : 950.1599999999962,
    "throughput" : 0.9182646751394492,
    "receivedKBytesPerSec" : 0.5812658513607901,
    "sentKBytesPerSec" : 0.4286287710517061
  },
  "postUpdateTag" : {
    "transaction" : "postUpdateTag",
    "sampleCount" : 188,
    "errorCount" : 8,
    "errorPct" : 4.255319,
    "meanResTime" : 429.7446808510636,
    "medianResTime" : 354.0,
    "minResTime" : 168.0,
    "maxResTime" : 1614.0,
    "pct1ResTime" : 760.8,
    "pct2ResTime" : 914.4499999999994,
    "pct3ResTime" : 1477.8299999999977,
    "throughput" : 0.9178611881420147,
    "receivedKBytesPerSec" : 10.602390459308968,
    "sentKBytesPerSec" : 0.6776635443722415
  },
  "Total" : {
    "transaction" : "Total",
    "sampleCount" : 13672,
    "errorCount" : 803,
    "errorPct" : 5.8733177,
    "meanResTime" : 355.741076653013,
    "medianResTime" : 262.0,
    "minResTime" : 28.0,
    "maxResTime" : 2882.0,
    "pct1ResTime" : 730.0,
    "pct2ResTime" : 943.0,
    "pct3ResTime" : 1449.2700000000004,
    "throughput" : 57.04653181120235,
    "receivedKBytesPerSec" : 714.694248706001,
    "sentKBytesPerSec" : 23.459894633737232
  },
  "postCreateTag-1" : {
    "transaction" : "postCreateTag-1",
    "sampleCount" : 283,
    "errorCount" : 0,
    "errorPct" : 0.0,
    "meanResTime" : 212.3745583038869,
    "medianResTime" : 168.0,
    "minResTime" : 85.0,
    "maxResTime" : 882.0,
    "pct1ResTime" : 388.0,
    "pct2ResTime" : 485.8,
    "pct3ResTime" : 661.6000000000003,
    "throughput" : 1.4699236990136448,
    "receivedKBytesPerSec" : 25.321910003207343,
    "sentKBytesPerSec" : 0.3884804144353779
  },
  "postLogin" : {
    "transaction" : "postLogin",
    "sampleCount" : 1088,
    "errorCount" : 0,
    "errorPct" : 0.0,
    "meanResTime" : 570.3437500000002,